Trained Epochs,BC Loss,QL Loss,Actor Loss,Critic Loss
50,0.07716660457387567,nan,nan,297.4454421956073
362.5089177426091,0.11761337185673898
100,0.051280046679116786,nan,nan,1411.9214997940064
1374.7329872156333,0.42862937476377044
150,0.04726323186464608,nan,nan,54.48776652789116
565.1060680157618,0.17986337931913354
200,0.044821526488289236,nan,nan,23.519808021297454
45.53019155814998,0.0202184773885827
Trained Epochs,BC Loss,QL Loss,Actor Loss,Critic Loss
50,0.07732590005971492,nan,nan,56.4608601525392
955.2289777783874,0.29973255818582506
100,0.05196783202946186,nan,nan,77.56136349212646
724.1886099621303,0.2287430867086329
150,0.046559936777576805,nan,nan,768.7337959002685
761.1056087221648,0.24008620503583025
Trained Epochs,BC Loss,QL Loss,Actor Loss,Critic Loss
50,0.07717962988626212,nan,nan,98.14170701314974
951.7811918010909,0.29867319134613324
100,0.05178542493212968,nan,nan,7275.127321652317
844.4880228783156,0.2657062885190119
150,0.050065282891988756,nan,nan,29305.414946917535
605.2877412016193,0.19220960162432746
Trained Epochs,BC Loss,QL Loss,Actor Loss,Critic Loss
50,0.07716660457387567,nan,nan,297.4454421956073
362.5089177426091,0.11761337185673898
Trained Epochs,BC Loss,QL Loss,Actor Loss,Critic Loss
50,0.07741816517565399,nan,nan,164.0944273947652
472.0211702920454,0.15126211039642132
100,0.05229811358392238,nan,nan,282.45307820795057
461.1595179218384,0.14792475871014285
Trained Epochs,BC Loss,QL Loss,Actor Loss,Critic Loss
10,0.10774812128506601,nan,nan,2.4118371012324467
168.35966715490457,0.05795906634647791
20,0.08250393270365894,nan,nan,10.787724539351464
718.5255266923241,0.22700304754554348
30,0.07267480373308062,nan,nan,26.07231995539665
784.563963255066,0.24729401986817004
40,0.06550434037093072,nan,nan,44.555357256889344
372.0029202470142,0.1205304993975281
Trained Epochs,BC Loss,QL Loss,Actor Loss,Critic Loss
10,0.10830804912522435,nan,nan,2.4600953779419883
202.29185805612633,0.068385072506824
20,0.08216915024295449,nan,nan,5.530799978530407
304.83802806644894,0.09989341228246239
30,0.07296596662960947,nan,nan,4.932435170030594
410.15831489886557,0.132254127289658
40,0.06635278409160673,nan,nan,3.3707591819822786
809.8003058034643,0.2550481393601929
50,0.060786508870497344,nan,nan,3.163916050457954
853.8403964165667,0.2685798991387185
60,0.057019841609708966,nan,nan,2.946201375389099
1192.0547622513207,0.3724996569868251
70,0.054242805222049356,nan,nan,2.686033359020948
750.8253389999394,0.2369274890022575
80,0.052487574423477054,nan,nan,2.48932144959569
964.6154285636719,0.3026166393816443
90,0.05121599442306906,nan,nan,2.4181447856485843
758.2536146536136,0.23920990123880917
100,0.0502465239694342,nan,nan,2.696533758789301
805.1742827782723,0.25362674736405105
110,0.049119075615517795,nan,nan,2.0273353094518183
853.6584866506377,0.26852400553769157
120,0.048018633863143624,nan,nan,2.271407558250427
872.3858679485813,0.27427818136877474
Trained Epochs,BC Loss,QL Loss,Actor Loss,Critic Loss
10,0.1075879126381129,nan,nan,2.301055246531032
243.12147754082497,0.08093038281440945
20,0.08199580216184259,nan,nan,5.195698238700628
289.73104472306795,0.09525164005322904
30,0.07282192945331335,nan,nan,4.168212500363588
363.9336500414087,0.11805113515258304
40,0.06634206777103245,nan,nan,2.95740398157835
745.6663955263874,0.2353423518505567
50,0.061164327213913204,nan,nan,2.9352888363778593
1105.4830662682891,0.34589963465822865
60,0.05710716892015189,nan,nan,2.8843839722126723
1354.961282063756,0.42255431994888676
70,0.0544914084225893,nan,nan,2.5997110594809056
1915.9630229408729,0.5949277344264972
80,0.05294670857246965,nan,nan,2.4426646056830883
1098.4005859543927,0.34372347150984334
90,0.051746830425597724,nan,nan,2.4295349179029464
1113.7167087714215,0.34842950394104744
100,0.05056584826502949,nan,nan,2.5782168881356715
1066.939842431951,0.3340568423573404
Trained Epochs,BC Loss,QL Loss,Actor Loss,Critic Loss
10,0.10764309397116303,nan,nan,2.312542834909819
212.26784213467727,0.07145029372290355
20,0.08206727986373007,nan,nan,5.172581430768966
286.3536253265887,0.09421389405161448
30,0.07222313449494541,nan,nan,4.148606460404396
356.47072784710133,0.11575807741874745
40,0.06621524016708136,nan,nan,3.077155834621191
751.4469485556556,0.23711848477603742
50,0.061214754805341366,nan,nan,3.0591395015537737
1328.4340556342818,0.41440356343052015
60,0.05724218858107925,nan,nan,2.9170109228670595
1205.290416882463,0.37656644469063744
70,0.054497958520427346,nan,nan,2.6997865911900996
1448.0989564924914,0.45117180504382476
80,0.05274825573265553,nan,nan,2.5910328278303147
1437.830542432682,0.4480167317814996
90,0.05168960753995925,nan,nan,2.5707644072413443
957.2563731600014,0.30035549576152415
100,0.05052380968220532,nan,nan,2.72784934515357
1140.9780698742845,0.35680583070477656
Trained Epochs,BC Loss,QL Loss,Actor Loss,Critic Loss
10,0.10746909630671143,nan,nan,2.2974990825137125
211.97417798664975,0.07136006246653344
20,0.08230414596609771,nan,nan,5.140093044269085
243.77674141031434,0.08113171921381367
30,0.07270584006737918,nan,nan,4.138908129245043
381.84349207510706,0.12355411384080682
40,0.0661416638372466,nan,nan,3.0443057048141955
932.5261521506096,0.2927568871912371
50,0.0611608840374276,nan,nan,2.9778390614390373
684.013815445478,0.21639897794357896
60,0.05744113901257515,nan,nan,2.9671156463742254
595.1823340877141,0.18910461388188887
70,0.05453930947687477,nan,nan,2.6884943506628276
1741.7000702485252,0.54138369350148
80,0.05275723846685142,nan,nan,2.471153152114153
1474.3108880768111,0.4592256840570672
90,0.051577435981296,nan,nan,2.3898626854896547
1039.4295100802951,0.32560401667901956
100,0.05041443846207112,nan,nan,2.5975060062348843
981.6765114534082,0.3078588283056775
110,0.04936998906210065,nan,nan,1.9845240197509528
743.7499072705554,0.2347534916021954
Trained Epochs,BC Loss,QL Loss,Actor Loss,Critic Loss
10,0.10909342092983425,nan,nan,2.2013675432344897
229.64290019840672,0.07678895466985383
20,0.0825487144291401,nan,nan,4.671062400686741
289.71248547542547,0.0952459375381508
30,0.07338916505388915,nan,nan,4.165532269215584
465.41641809143346,0.14923273400479375
40,0.06695977400373668,nan,nan,2.9950328554332257
1050.1846970413312,0.32890865579996115
50,0.06166051541436464,nan,nan,3.0036134399980305
962.0590886995694,0.3018311783057987
60,0.05719657688178122,nan,nan,2.863845486024022
267.19691302076933,0.08832780196007024
Trained Epochs,BC Loss,QL Loss,Actor Loss,Critic Loss
10,0.10808399131670594,nan,nan,2.6895776751037688
213.51820753244988,0.07183448103865367
20,0.08266748394668103,nan,nan,11.425199963474274
974.7801167236887,0.3057398418203797
30,0.07302371268309653,nan,nan,14.694627790308
902.0676959517975,0.28339822087676664
40,0.0648980633245781,nan,nan,25.52892654790878
905.2110359533239,0.2843640436353199
50,0.05958538753576577,nan,nan,38.99532920694351
339.6114258938033,0.11057788771228523
Trained Epochs,BC Loss,QL Loss,Actor Loss,Critic Loss
10,0.10833918676488101,nan,nan,2.7018125626083465
97.06765617858387,0.03605388056621586
20,0.08249925827160477,nan,nan,11.74842359648943
497.35277946361447,0.1590455015144039
30,0.07280015326291323,nan,nan,14.943849871873855
699.0418546202333,0.22101649378480567
40,0.06516235576346517,nan,nan,23.243600653648375
772.2372460613118,0.24350651231308618
50,0.060058645342662934,nan,nan,36.08274948635101
268.59916313120476,0.08875865737793304
60,0.05598406723625958,nan,nan,44.54601275291443
710.9539080285217,0.22467659173069798
70,0.052369183724187314,nan,nan,45.42247112798691
529.5591954704578,0.1689412460204837
80,0.050500830941088495,nan,nan,42.337254669952394
462.0857848091494,0.14820936350625935
90,0.049853513451851905,nan,nan,39.80090881242752
481.11022225080285,0.15405481281842434
100,0.04908211649283767,nan,nan,36.54828927364349
481.0651430607446,0.15404096178491405
110,0.049035381969623267,nan,nan,33.88784972257614
493.08972325758197,0.1577356347157824
120,0.048234504222497344,nan,nan,31.113390619850158
794.4439688747943,0.25032975073964264
130,0.0482340783521533,nan,nan,28.84320215435028
1752.628181213911,0.544741465258032
140,0.04769271161220968,nan,nan,26.63253095741272
406.39325011578444,0.13109727335302954
150,0.04731473506726325,nan,nan,24.744176210594176
1772.453802386685,0.5508330863113778
160,0.04679642407689243,nan,nan,22.77541913433075
2493.5007869882697,0.7723820079604191
170,0.04646429019179195,nan,nan,22.285384218025207
2528.237070016636,0.7830550794958098
180,0.046079112008959054,nan,nan,20.746191036081314
2085.663267596598,0.6470698375209697
190,0.04598697273489088,nan,nan,20.07723245239258
2022.1798921895509,0.6275639333781987
200,0.045506886233016845,nan,nan,19.958247731971742
989.5919475263336,0.31029092546964737
Trained Epochs,BC Loss,QL Loss,Actor Loss,Critic Loss
10,0.10882209279276431,nan,nan,2.5256696706401183
469.53437383364917,0.15049801722983971
20,0.08558980417959391,nan,nan,12.026777463972568
807.5008544560934,0.2543416098589622
30,0.07268140649143606,nan,nan,16.079310391235353
751.6149752814965,0.23717011267368246
40,0.0647656926209107,nan,nan,14.79703895983696
804.7188558447972,0.2534868128685797
50,0.059669300637952984,nan,nan,14.755391996335984
368.9993779922312,0.11960763089951729
60,0.056247489462047814,nan,nan,15.045319745063782
32.62833985773569,0.0162542539849136
70,0.05417287808284164,nan,nan,15.20264796333313
171.20499250626057,0.05883332111322091
80,0.05203913178369403,nan,nan,13.323327966451645
42.474161704551605,0.019279481549128345
90,0.050775437366217376,nan,nan,11.310882011985779
38.07259015513603,0.01792705452126559
100,0.04942285903859883,nan,nan,11.969018652105332
47.047073318085815,0.02068455453107096
110,0.04874701746609062,nan,nan,12.333256373786925
39.17478169049785,0.01826571393088096
120,0.047525193352997305,nan,nan,12.289712663507462
39.08265872292206,0.018237408224649063
130,0.04710094360150397,nan,nan,12.329971663355828
45.17217972857635,0.02010847466133537
140,0.04656518283765763,nan,nan,11.983302653837203
354.5648255156927,0.11517246980189388
150,0.04604697014149278,nan,nan,12.21826918141842
529.9619467374453,0.16906499538883196
160,0.04554771452676505,nan,nan,11.254920177483559
1081.0936496445233,0.33840574165536114
170,0.045261100500263274,nan,nan,11.362557619810104
1894.1332325116923,0.588220312257494
180,0.04497403531391174,nan,nan,10.801258312058449
658.4967407219025,0.2085586006736152
190,0.04503709376975894,nan,nan,10.803717092585563
878.6225816763296,0.2761944742463878
200,0.045049631145969035,nan,nan,10.970782477355003
624.7272980084779,0.19818260052713066
210,0.044754955009929834,nan,nan,10.606075002980232
981.3360459695296,0.30775421686922066
220,0.04414065443240106,nan,nan,10.662647333216666
590.7650999847691,0.18774737437728212
230,0.04383491429463029,nan,nan,10.040947399520874
1236.1568019791873,0.3860504512525148
240,0.043679653637856246,nan,nan,10.195794067192077
402.6175609230807,0.12993715495992975
250,0.04327019050661474,nan,nan,10.933794125938416
1428.3314310000926,0.4450980344712583
260,0.04297072485759854,nan,nan,11.134798891115189
811.4090371294009,0.25554243820353556
270,0.04285444792937487,nan,nan,10.43079396522045
774.655094773625,0.24424942059280041
280,0.04261791640426964,nan,nan,10.67005187586546
1056.1916708000113,0.3307543587666617
290,0.042456026050262156,nan,nan,10.128839943099022
924.4573269984946,0.29027765969344305
300,0.0420778141753748,nan,nan,9.91694818930626
871.4572958101769,0.2739928682611268
310,0.04212178197838366,nan,nan,9.989609116005898
1494.9831749605037,0.46557745164629355
320,0.041855072279833254,nan,nan,9.772765006422997
1644.2033135664503,0.5114268366412742
330,0.04179433407522738,nan,nan,9.821487140154838
1475.8770229422378,0.4597068947104672
340,0.041680479262210426,nan,nan,9.411360149526596
922.7727433965447,0.2897600544771257
350,0.04142314685303718,nan,nan,9.27888756198883
1205.2390660103317,0.3765506666198745
Trained Epochs,BC Loss,QL Loss,Actor Loss,Critic Loss
10,0.11905210998505354,nan,nan,2.5313917913334443
490.32357496133307,0.15688570789375444
20,0.09248219179697335,nan,nan,11.230735961019993
685.0432277584762,0.2167152752067913
30,0.0795333999890834,nan,nan,14.128194383072852
882.6588447989283,0.2774346565942797
40,0.06688151570949703,nan,nan,13.249753386640549
652.7658066753577,0.2067977136784975
50,0.05984340524319559,nan,nan,11.810930489134789
560.2950658704575,0.17838515063209126
60,0.05525618759319186,nan,nan,12.169100177049637
773.3862548292054,0.2438595567872029
70,0.05352114874869585,nan,nan,15.933582434463501
532.3965952823315,0.16981306558568882
80,0.05160700763016939,nan,nan,13.497064698886872
664.9032174092763,0.21052705492412657
90,0.05040766720268875,nan,nan,12.738381560468675
1161.187210208182,0.3630152918689517
100,0.049236923329904675,nan,nan,12.544625012111664
717.2985755148463,0.2266260544839382
110,0.048397647594474257,nan,nan,12.396359815168381
710.5774769500201,0.2245609295043823
120,0.04735673727989197,nan,nan,12.249191117715835
1202.4904134595627,0.3757061155412132
130,0.04685013546384871,nan,nan,11.999737197995186
857.8316772258722,0.2698062602194583
140,0.04615542867742479,nan,nan,11.703427012014389
1418.0044469746947,0.44192496499926265
150,0.04574690992832184,nan,nan,12.395261710977554
678.8814380781014,0.2148220034945886
160,0.045020623321831224,nan,nan,11.71002235505581
744.5266978279612,0.23499216829596944
170,0.044731479091756045,nan,nan,11.502930424737931
1730.561879795448,0.5379613727142092
180,0.04422616551164538,nan,nan,10.97500060391426
881.357860117167,0.27703491599556485
190,0.044072719839587805,nan,nan,10.088223534178734
1484.4564473974137,0.4623430089679368
200,0.043718653587065635,nan,nan,10.520289201879502
785.0373983088838,0.2474394875393262
210,0.04361015714015812,nan,nan,10.638627082562447
1339.0947161060099,0.41767915833905855
220,0.04314729619137943,nan,nan,10.658669676327705
642.3631356461034,0.20360138861505592
230,0.04326067585833371,nan,nan,9.619829482030868
720.5698738021881,0.22763119370985616
240,0.042760386879742145,nan,nan,10.020472367739677
768.8476341331263,0.24246502003375411
250,0.042698201205022636,nan,nan,9.0975946413517
928.0279164508216,0.2913747591331579
260,0.042552708524093034,nan,nan,8.997529127955437
668.5587789012479,0.21165026287570768
270,0.042470023112744094,nan,nan,8.996728153300285
1840.741841690267,0.5718152716506529
280,0.042388870107196275,nan,nan,10.169240496873856
1398.798354803962,0.4360237004487021
290,0.04211818713024259,nan,nan,10.067188886094094
1681.8327960269537,0.5229888727351392
300,0.04222393032256514,nan,nan,9.980144141483306
1860.7900053974804,0.5779752711308961
310,0.042034043578244744,nan,nan,9.549796346211433
1401.7784215351962,0.43693935585652816
320,0.04178863578569144,nan,nan,9.030266379737855
1285.4105443906926,0.4011841578645439
330,0.04162443763110787,nan,nan,9.169503088355064
1475.9473028170162,0.459728488907244
340,0.041649972922727464,nan,nan,9.152056488585472
1507.292007622252,0.46935946399944917
350,0.04145620390465483,nan,nan,8.777961162889003
1349.101636875602,0.42075388516390694
Trained Epochs,BC Loss,QL Loss,Actor Loss,Critic Loss
10,0.11887972875870764,nan,nan,2.5650920721333472
643.4477797423402,0.20393465639791344
20,0.09237585650645197,nan,nan,11.83701405068636
942.1750950151545,0.29572162171248934
30,0.08188271686024964,nan,nan,14.734889483356476
701.9383114662803,0.22190645921639165
40,0.07414406541027128,nan,nan,13.74350333185196
484.2264301897327,0.15501229897847751
50,0.06827457896098495,nan,nan,12.466907730197907
869.5087283319797,0.27339415134978223
60,0.06377949429005385,nan,nan,11.354597363305093
561.2795377743691,0.1786876395036395
70,0.060344529776461424,nan,nan,11.679019681763648
601.2812886414063,0.19097857887087447
80,0.05791900126747787,nan,nan,12.269266350626946
534.8677990864009,0.17057236775275786
90,0.05626523252688348,nan,nan,12.039793818497659
960.6100529125631,0.30138594751932024
100,0.05469264130722731,nan,nan,12.42311353945732
503.3065721827937,0.16087486407305174
110,0.053532353341765704,nan,nan,12.504785891127586
1361.7734289275124,0.424647420431949
120,0.05233897602148354,nan,nan,12.631479313254356
1309.2800318679087,0.4085182974197
130,0.05140889986306429,nan,nan,12.186585250806809
2182.700222943392,0.6768854158068527
140,0.05038622413314879,nan,nan,11.979946724486352
903.1362571766236,0.28372654703599326
150,0.04910677049104124,nan,nan,12.195082561802865
2301.572013684695,0.7134099663779615
160,0.04812853724770248,nan,nan,11.423586512351037
1268.1972478077485,0.39589519975582427
170,0.046923641597293314,nan,nan,10.856257330226898
2078.6404974961893,0.6449120209348642
180,0.045829325045458974,nan,nan,10.453378451919555
2057.310157019947,0.6383580597758287
190,0.04538528111446649,nan,nan,10.47275729994774
1172.7916647581196,0.3665808769788937
200,0.044906896698474884,nan,nan,10.572249597978592
437.78693237009855,0.14074329725794754
210,0.04427866598460823,nan,nan,10.164127581524848
43.48235357079134,0.01958925861712921
220,0.04378338316101581,nan,nan,9.741371175026893
1425.6449432255495,0.4442725841439093
230,0.043746062369458376,nan,nan,9.336705536699295
771.546471599852,0.243294264927954
240,0.04360977674368769,nan,nan,9.487626028513908
2631.8992474107527,0.8149063237391349
250,0.04310657938998193,nan,nan,9.814761044931412
49.37139104703226,0.021398724477572257
260,0.04302117517255247,nan,nan,9.736073494267464
2006.858950654971,0.6228564203476717
270,0.04272448771996423,nan,nan,9.155726876664161
615.8563844299836,0.19545692331145906
280,0.04254391897916794,nan,nan,9.489836961483956
57.05289077412702,0.02375894235175919
290,0.04245113833025098,nan,nan,9.049360594058037
1051.1017767705985,0.32919043774957657
300,0.04221887854989618,nan,nan,8.811908895993232
381.6622314124736,0.12349841968328112
310,0.04205814270190895,nan,nan,8.804182203412056
54.81680024625257,0.023071881098137893
320,0.041929212816245856,nan,nan,8.517258485770226
139.36045352446595,0.04904876695448496
330,0.041735367590375244,nan,nan,8.48824098072052
523.093029500977,0.16695445163906933
340,0.04165724115930498,nan,nan,8.61973650443554
1567.2566098575464,0.48778418977468263
350,0.041752542510442435,nan,nan,8.214296693718433
970.5023632575301,0.30442545914109903
360,0.04165091236140579,nan,nan,8.739374604976177
1133.2441524738354,0.3544295069744457
370,0.04130598454289138,nan,nan,8.159285744428635
245.7632260716112,0.08174208656016053
380,0.041373948951996864,nan,nan,8.350031287527084
2521.438118638291,0.7809660334580556
390,0.04121091713942587,nan,nan,8.359092571353912
752.6147619679675,0.2374773071658543
400,0.04122370281228795,nan,nan,8.095453077936172
1612.1117824663907,0.5015663916756615
410,0.04098342714961618,nan,nan,8.39471284006834
1186.9801256083724,0.3709404239548374
420,0.041015860240906477,nan,nan,7.737082376754284
40.58044409017141,0.018697617808854122
430,0.040920186959765854,nan,nan,8.001333563780785
889.9275798631013,0.27966804838373416
440,0.040754520255699755,nan,nan,7.942155561757088
1238.0992704964292,0.3866472941969034
450,0.04077519740946591,nan,nan,7.7537601893186565
1158.760989602194,0.3622698112408948
460,0.04067371623869985,nan,nan,7.674328810274601
40.99797692214641,0.018825908961376234
470,0.040579967022314666,nan,nan,7.658730158936978
1437.3316245073715,0.44786343424235936
480,0.0405013814826496,nan,nan,7.816044518053531
1762.7700975092964,0.5478576708128463
490,0.04062141404263675,nan,nan,7.644559711182118
1732.716247636555,0.5386233238522427
500,0.04045947461202741,nan,nan,7.559233921313286
42.478133234388224,0.019280701841524528
510,0.04050657115615904,nan,nan,7.853251595950127
48.956712801076705,0.021271310425250087
520,0.040297845514677466,nan,nan,8.091498123025895
45.051218827241854,0.020071308210570498
530,0.04025245911953971,nan,nan,7.3336706218123435
686.6229085543167,0.21720064798324296
540,0.04018076562192291,nan,nan,7.723135318565369
544.5978148815773,0.1735620127455049
550,0.04033823214005679,nan,nan,7.47501673784256
1918.2572750917625,0.5956326664224356
560,0.04010307940840721,nan,nan,7.420579959475994
3118.544222595801,0.9644328757955803
570,0.040026458080485466,nan,nan,7.34407833662033
1170.8213976991324,0.3659754926535984
580,0.039876301537267865,nan,nan,7.551873723399639
415.4756013775992,0.13388791691865615
590,0.04012657584901899,nan,nan,7.173395697593689
443.9105429032071,0.14262483804402898
600,0.039929105334822086,nan,nan,7.260713175654411
1355.3531491027302,0.42267472502895587
610,0.03994891056967899,nan,nan,7.267177809870243
529.743399824454,0.16899784465672021
620,0.03991809819415212,nan,nan,7.333060924708843
2132.0519084240764,0.6613232129203153
630,0.03999771440904588,nan,nan,7.071796985650063
1475.633463017124,0.459632058479378
640,0.03992464018668979,nan,nan,7.129334566700458
1603.7701915169423,0.4990033541494609
650,0.039730949439667165,nan,nan,7.426004853081703
2213.257623086611,0.6862744836411342
660,0.03978874051403254,nan,nan,7.324233650720119
1747.4693213939427,0.5431563538097344
670,0.03977211816012859,nan,nan,7.491373687839508
2574.321780983391,0.7972150693955441
680,0.03969530984601006,nan,nan,7.162459276390075
2016.4340602072698,0.6257984688428269
690,0.0397570013012737,nan,nan,7.22265815616846
1343.4490128281154,0.4190170597018324
700,0.03964224701374769,nan,nan,7.2085934686899185
2539.7763169764953,0.7866006289193489
710,0.039574437377415596,nan,nan,7.334715020370483
1100.3389034453414,0.34431903900974825
720,0.03962872540615499,nan,nan,6.9502138422369955
2198.9836401410116,0.6818886591431901
730,0.039621133872587234,nan,nan,6.9116168113231655
1641.9453869134436,0.5107330660190827
740,0.03934666706267744,nan,nan,6.898830306434632
2586.46761194846,0.8009469978416903
750,0.03966248507164419,nan,nan,6.925356529033184
2550.3182983822812,0.7898397584939447
760,0.03953707359097898,nan,nan,6.90239585287571
2175.7235791054527,0.674741771977763
770,0.03933001198042184,nan,nan,6.796083548903465
2705.985845455484,0.8376701744395517
780,0.03935347513966262,nan,nan,7.187262554109097
2133.7596686314614,0.6618479393812273
790,0.03946609612554312,nan,nan,6.8402993057131765
2089.4431167353546,0.6482312340992389
800,0.039291035862453284,nan,nan,6.496299702167511
1611.9032248953113,0.5015023102690942
810,0.039519870900735256,nan,nan,6.734806195759774
1900.6947619730884,0.590236408028762
820,0.03941663353703916,nan,nan,6.479999941563606
2066.6411536894,0.6412251021380826
830,0.039398530873283745,nan,nan,6.922594490969181
2348.7414841543855,0.7279032595204197
840,0.039261122541502116,nan,nan,6.640299084973336
2185.9052166899482,0.6778701822972553
850,0.03934588685389608,nan,nan,6.7654785990715025
2385.6152706798157,0.7392331004549046
860,0.03910557591142133,nan,nan,6.8234640445709225
1981.7101482541943,0.6151291984444617
870,0.0391325365501456,nan,nan,6.5379327114462855
2198.126229142776,0.6816252110099535
880,0.03924279996622354,nan,nan,6.498643095600605
1848.644144865953,0.5742433336001588
890,0.03903630241472274,nan,nan,6.5974506910443305
2319.829485648754,0.7190197578507183
900,0.039150720828399065,nan,nan,6.509296193420887
2266.145140532724,0.7025247040970944
910,0.039062041643634436,nan,nan,6.376721336889267
2476.741499113884,0.7672325485833333
920,0.038983076224476096,nan,nan,6.292398597335816
2748.6308019219823,0.8507732652515096
930,0.03909251314625144,nan,nan,6.5386063086748125
1916.394752727761,0.5950603877358813
940,0.03924660073239356,nan,nan,6.569499388766289
2507.22361192035,0.7765984836278971
950,0.03901694261897355,nan,nan,6.485302509832382
2391.7086454398673,0.7411053509963015
960,0.03910528749227524,nan,nan,6.238320189595222
2369.404034614626,0.7342520354958364
970,0.03908327900078148,nan,nan,6.635423256492615
2244.867778613827,0.6959870211314376
980,0.038940908711589874,nan,nan,7.048282424175739
2354.3868859003496,0.7296378658578764
990,0.038849108518008144,nan,nan,6.4485101973414425
1926.1308671775864,0.5980519066014686
1000,0.03888506528930739,nan,nan,6.601768483424187
2205.971260629345,0.6840356756582628
1010,0.0389972729742527,nan,nan,6.602708454191685
1746.9835458904884,0.5430070944115922
1020,0.038829596514254806,nan,nan,6.42133658092022
2443.6070354684284,0.7570516521274301
1030,0.03888926620455459,nan,nan,6.457168843197823
2355.4325951568962,0.729959170520532
1040,0.03897620754167438,nan,nan,6.413526207911969
1741.8921919046334,0.5414427248082396
1050,0.038915975346229974,nan,nan,6.48985813961029
2554.7792337207334,0.7912104256416983
1060,0.0389262477459386,nan,nan,6.613872139179707
2644.9706609005107,0.8189226467041145
1070,0.03881457834783941,nan,nan,6.295101558899879
2054.3527298592267,0.6374493606032288
1080,0.03888225436108187,nan,nan,6.034064286565781
1656.2578791470205,0.5151307228821946
1090,0.03877617850583047,nan,nan,6.122530503809452
2180.343059347696,0.6761611536381877
1100,0.03889373063966632,nan,nan,6.180179161584377
2076.500158068212,0.6442543801675384
1110,0.038723136688861994,nan,nan,6.2305204038023945
2464.8638600245868,0.7635830247822952
1120,0.038880520248692485,nan,nan,6.516147789001465
2218.6891226742523,0.6879433663939607
1130,0.038790500860754404,nan,nan,6.355838226091862
2541.173054706295,0.7870297906029452
1140,0.03883880311083049,nan,nan,6.0424979743123055
2377.3820232237917,0.7367033525542741
1150,0.03898827174603939,nan,nan,6.255258543682098
1471.1675851099658,0.4582598726777913
1160,0.03875899118473753,nan,nan,6.258949655377865
2240.1583538142277,0.6945400031031812
1170,0.03882981944810599,nan,nan,5.98874714884758
2919.3496754672547,0.9032283522941287
1180,0.03870956870429218,nan,nan,6.282207555639744
1263.86456611747,0.39456393982848387
1190,0.03862844838332385,nan,nan,6.271119645905495
2577.599606652765,0.7982222142250931
1200,0.038604676475282755,nan,nan,6.218530245888233
2244.458903225316,0.6958613900652965
1210,0.03882161326687783,nan,nan,6.26107272824049
2037.0157834065303,0.6321224098312144
1220,0.0385714673453942,nan,nan,6.418812396538257
1481.2232438185254,0.4613495747234675
1230,0.0387693151557818,nan,nan,6.435891370046138
2535.546832129865,0.7853010772577887
1240,0.03865569608900696,nan,nan,6.604084343099594
2810.646540195533,0.8698282231574305
1250,0.03863109863987192,nan,nan,6.677328031647205
1566.6820437170297,0.48760764856229843
1260,0.03851766300238669,nan,nan,6.122583725869656
1697.2995054944004,0.5277411744258053
1270,0.038509481871686874,nan,nan,6.415766274440289
2369.7136161733383,0.7343471575363689
1280,0.038556826522108165,nan,nan,6.587178540027142
2589.735720972113,0.801951157134336
1290,0.038584357871487736,nan,nan,6.448759701228142
2188.9501245580404,0.6788057607950548
1300,0.03859866261323914,nan,nan,6.252540114808083
1573.2509827851343,0.48962602100958214
1310,0.03858460053624585,nan,nan,6.583299840652943
2437.7269048509643,0.7552449229887256
1320,0.03858553789407015,nan,nan,6.254859267508984
2213.9353984066997,0.6864827369096351
1330,0.03868087229430676,nan,nan,6.207487826490402
2170.428155930757,0.6731147000683264
1340,0.03856075494922698,nan,nan,6.26190992808342
1250.490112224743,0.3904545046587136
1350,0.0384402205850929,nan,nan,5.824646467190981
1767.1132210890762,0.5491921391155192
1360,0.038605321751907465,nan,nan,5.999586054825783
2508.4298926990105,0.7769691255020406
1370,0.03851523688454181,nan,nan,6.215210495996475
2138.4457970667854,0.6632877993677837
1380,0.038585429663117975,nan,nan,6.03859007652998
1471.7760573400026,0.45844683187642454
1390,0.038430127617437394,nan,nan,5.959855275726318
2312.7907716860254,0.7168570423529199
1400,0.038492652614414695,nan,nan,5.878889432919025
1858.8535884553937,0.5773802875937007
1410,0.038380372814927254,nan,nan,6.119075128793717
2557.839217433616,0.7921506363440943
1420,0.03837574086757377,nan,nan,6.211226709169149
2967.8350686846743,0.9181259759059721
1430,0.038427102660760284,nan,nan,5.974595820462704
1683.1524320570247,0.5233943441477864
1440,0.038488927959650754,nan,nan,5.915107586693764
2118.8908503857474,0.6572793457682137
1450,0.03839179433034733,nan,nan,5.82054340595007
2019.061920008481,0.6266059051370441
1460,0.03841366267967969,nan,nan,6.289190750563145
2671.7712287447334,0.8271573901151148
1470,0.03845923157799989,nan,nan,6.473338937622309
1426.6653522823221,0.44458611506629964
1480,0.03834058708604425,nan,nan,6.145562557303905
2374.0364316566333,0.7356753859726073
1490,0.038460041897371414,nan,nan,6.264178738200664
2098.895437782298,0.6511355545939539
1500,0.03819758403897285,nan,nan,6.113559048724174
1801.3816648363747,0.5597214623370841
1510,0.03833343528844416,nan,nan,5.8126715131521225
1663.5906434141393,0.5173837882867804
1520,0.03852297623194754,nan,nan,6.263323235547543
2077.3730077346527,0.6445225719865064
1530,0.03832370194355026,nan,nan,6.436976117163897
1821.2714030134707,0.5658327839834152
1540,0.03822190897716209,nan,nan,5.711824015831947
2257.5469241515175,0.6998828158317771
1550,0.03828746155258268,nan,nan,5.997465650236607
2789.724747574434,0.8633997924266223
1560,0.03831085459021851,nan,nan,5.700999569201469
1774.6928076546283,0.5515210431481343
1570,0.03820383348427713,nan,nan,5.970376299935579
2031.7601418578834,0.6305075612255857
1580,0.038318520849291236,nan,nan,5.816644404196739
2074.0900167061045,0.6435138400485173
1590,0.038356642894633114,nan,nan,6.1862672941863535
1872.103910348746,0.5814515819610115
1600,0.03817074543843046,nan,nan,6.263813067960739
2172.1102217179778,0.6736315316608023
1610,0.038276924806647,nan,nan,6.325340830969811
1662.9584146791935,0.51718952966362
1620,0.03842658997280523,nan,nan,5.935910682833195
1446.5499559745058,0.4506958590906173
1630,0.03828060743352398,nan,nan,5.719836023437977
1512.468449811553,0.47094997780716163
1640,0.03824879416171462,nan,nan,5.962867836427689
1556.089015230831,0.48435283425999376
1650,0.038292952491901816,nan,nan,6.181418820089101
1804.4228032132687,0.5606558826208867
1660,0.03825667206766084,nan,nan,6.234215459662676
1753.385281000476,0.5449740917648704
1670,0.03818746203603223,nan,nan,6.230108939826488
1790.2476014614526,0.5563004096359914
1680,0.03831576783396304,nan,nan,6.0607061019063
1516.555089768865,0.47220563894304535
1690,0.03834070230722427,nan,nan,5.8186725218176845
1448.2852181331268,0.45122903580202584
1700,0.03812947421912104,nan,nan,5.941479331922531
1590.2668155116976,0.49485430636689987
1710,0.038229674343112856,nan,nan,5.70554308000803
1500.574714673808,0.46729550833371575
1720,0.038145508949272336,nan,nan,6.003877677559853
1742.4437589896654,0.5416121993300331
1730,0.03806639592740685,nan,nan,5.967454839861393
2096.8628775628376,0.6505110300699979
1740,0.03812787806466222,nan,nan,5.986472582709789
2231.9092983551277,0.692005398034974
1750,0.03824928896753117,nan,nan,6.311658045232296
1978.9091301053036,0.6142685575102943
1760,0.038325468737259505,nan,nan,6.11907116008997
1768.856268507298,0.5497277079260643
1770,0.03814164306242019,nan,nan,6.049683797478676
2136.2766684453304,0.6626213128318654
1780,0.037992214230448004,nan,nan,5.740480154585838
1766.9691686595665,0.5491478775610015
1790,0.038053153954073785,nan,nan,6.166309334540367
1555.4167077269828,0.48414626103290176
1800,0.038042874598968775,nan,nan,6.227869653487206
1202.036622179183,0.3755666836165691
1810,0.03814506574384868,nan,nan,6.15377854295373
1575.4550281355307,0.49030323606085335
1820,0.03808986789137125,nan,nan,6.086697830069065
1073.715588899468,0.3361387584533839
1830,0.03818899487517774,nan,nan,6.336110640323162
2039.225319788943,0.6328013120571746
1840,0.03813474786169827,nan,nan,5.810361725568772
1302.819563706819,0.4065332537470907
1850,0.03803157332893461,nan,nan,6.5481264200270175
2019.1073144155112,0.6266198530241321
1860,0.038127350731939076,nan,nan,6.404643421208858
1837.369503311134,0.5707790868426055
1870,0.03796771003575995,nan,nan,6.09075099864006
1548.574708890874,0.48204398823177286
1880,0.038098255382105706,nan,nan,6.037643706965446
1451.0883680390489,0.4520903317399331
1890,0.037965101668983696,nan,nan,6.082468838495016
1543.896029406552,0.4806064170101613
1900,0.038160351959429684,nan,nan,5.939306351715326
2164.126075155888,0.6711783225095341
1910,0.038037870506290344,nan,nan,5.843969239723682
1243.6528679080407,0.3883536927313835
1920,0.03801133802691475,nan,nan,5.945808299911022
2123.1039897359296,0.6585738751119649
1930,0.038110790561698374,nan,nan,6.402344920575619
1721.0499543916699,0.5350387381827333
1940,0.0381897810023278,nan,nan,5.939470962041616
1697.909544742947,0.5279286151066006
1950,0.03818467413149774,nan,nan,5.703064701336622
1877.9061481656258,0.5832343777550906
1960,0.03808559243483469,nan,nan,6.13714880566001
1937.7233857869246,0.6016138242738855
1970,0.038213331145234404,nan,nan,6.023642242085934
1734.0338971716428,0.5390281848943721
1980,0.03813474613204598,nan,nan,5.909473269116878
1787.91390430226,0.5555833577654253
1990,0.03795818232242018,nan,nan,5.718090640389919
2133.097887901075,0.6616446006109165
2000,0.038013002023566514,nan,nan,5.940493194687367
1820.3190861629064,0.5655401750746805
